date,time,test name,status
11-03-2018,14:09:08,TID_10_1_Define_the_Pipe_Line_input.jtl,pass
28-02-2018,11:30:00,TID_10_1.jtl,fail
28-02-2018,11:30:00,TID_10_2.jtl,pass
28-02-2018,11:30:00,TID_10 3.jtl,fail
11-03-2018,14:09:08,TID_170_1_10 percent overhead batch.jtl,fail
11-03-2018,14:09:08,TID_113_status manager.jtl,fail
11-03-2018,14:09:08,TID_120_system logs.jtl,fail
11-03-2018,14:09:08,TID_170_10 percent overhead.jtl,fail
11-03-2018,14:09:08,TID_80_pipelines run in an order.jtl,fail
11-03-2018,14:09:08,TID_51_run pipelines in a queue.jtl,fail
11-03-2018,14:09:08,TID_10_2_Define_the_Pipe_Line_input.jtl,fail
11-03-2018,14:09:08,TID_50_cancel pipeline.jtl,pass
11-03-2018,14:09:08,TID_70_status Manager.jtl,fail
11-03-2018,14:09:08,TID_110_sevirity levels.jtl,fail
11-03-2018,14:09:08,TID_114_not exist ids.jtl,fail
11-03-2018,14:09:08,TID_30_Define_the_pipelineName.jtl,pass
