date,test name,test name,status
28-02-2018,11:30:00,TID_10_2.jtl,pass
28-02-2018,11:30:00,TID_10 3.jtl,fail
28-02-2018,11:30:00,TID_10_1_Define_the_Pipe_Line_input.jtl,fail
28-02-2018,11:30:00,TID_10_1.jtl,fail
11-03-2018,14:09:08,TID_170_1_10 percent overhead batch.jtl,fail
11-03-2018,14:09:08,TID_113_status manager.jtl,fail
11-03-2018,14:09:08,TID_120_system logs.jtl,fail
11-03-2018,14:09:08,TID_170_10 percent overhead.jtl,fail
11-03-2018,14:09:08,TID_80_pipelines run in an order.jtl,fail
11-03-2018,14:09:08,TID_51_run pipelines in a queue.jtl,fail
11-03-2018,14:09:08,TID_10_2_Define_the_Pipe_Line_input.jtl,fail
11-03-2018,14:09:08,TID_50_cancel pipeline.jtl,pass
11-03-2018,14:09:08,TID_10_1_Define_the_Pipe_Line_input.jtl,pass
11-03-2018,14:09:08,TID_70_status Manager.jtl,fail
11-03-2018,14:09:08,TID_110_sevirity levels.jtl,fail
11-03-2018,14:09:08,TID_114_not exist ids.jtl,fail
11-03-2018,14:09:08,TID_30_Define_the_pipelineName.jtl,pass
11-03-2018,15:17:48,TID_170_1_10 percent overhead batch.jtl,fail
11-03-2018,15:17:48,TID_11_1_Define_the_Pipe_Line order.jtl,fail
11-03-2018,15:17:48,TID_113_status manager.jtl,pass
11-03-2018,15:17:48,TID_120_system logs.jtl,fail
11-03-2018,15:17:48,TID_170_10 percent overhead.jtl,pass
11-03-2018,15:17:48,TID_80_pipelines run in an order.jtl,pass
11-03-2018,15:17:48,TID_51_run pipelines in a queue.jtl,pass
11-03-2018,15:17:48,TID_10_2_Define_the_Pipe_Line_input.jtl,pass
11-03-2018,15:17:48,TID_50_cancel pipeline.jtl,pass
11-03-2018,15:17:48,TID_10_1_Define_the_Pipe_Line_input.jtl,pass
11-03-2018,15:17:48,TID_70_status Manager.jtl,pass
11-03-2018,15:17:48,TID_110_sevirity levels.jtl,pass
11-03-2018,15:17:48,TID_114_not exist ids.jtl,pass
11-03-2018,15:17:48,TID_30_Define_the_pipelineName.jtl,pass
12-03-2018,11:53:58,TID_170_1_10 percent overhead batch.jtl,fail
12-03-2018,11:53:58,TID_11_1_Define_the_Pipe_Line order.jtl,fail
12-03-2018,11:53:58,TID_113_status manager.jtl,fail
12-03-2018,11:53:58,TID_120_system logs.jtl,fail
12-03-2018,11:53:58,TID_170_10 percent overhead.jtl,fail
12-03-2018,11:53:58,TID_80_pipelines run in an order.jtl,fail
12-03-2018,11:53:58,TID_51_run pipelines in a queue.jtl,fail
12-03-2018,11:53:58,TID_10_2_Define_the_Pipe_Line_input.jtl,fail
12-03-2018,11:53:58,TID_50_cancel pipeline.jtl,pass
12-03-2018,11:53:58,TID_10_1_Define_the_Pipe_Line_input.jtl,fail
12-03-2018,11:53:58,TID_70_status Manager.jtl,fail
12-03-2018,11:53:58,TID_110_sevirity levels.jtl,pass
12-03-2018,11:53:58,TID_114_not exist ids.jtl,fail
12-03-2018,11:53:58,TID_30_Define_the_pipelineName.jtl,pass
12-03-2018,12:04:31,TID_170_1_10 percent overhead batch.jtl,fail
12-03-2018,12:04:31,TID_11_1_Define_the_Pipe_Line order.jtl,pass
12-03-2018,12:04:31,TID_113_status manager.jtl,pass
12-03-2018,12:04:31,TID_120_system logs.jtl,fail
12-03-2018,12:04:31,TID_170_10 percent overhead.jtl,pass
12-03-2018,12:04:31,TID_80_pipelines run in an order.jtl,pass
12-03-2018,12:04:31,TID_51_run pipelines in a queue.jtl,pass
12-03-2018,12:04:31,TID_10_2_Define_the_Pipe_Line_input.jtl,pass
12-03-2018,12:04:31,TID_50_cancel pipeline.jtl,pass
12-03-2018,12:04:31,TID_10_1_Define_the_Pipe_Line_input.jtl,pass
12-03-2018,12:04:31,TID_70_status Manager.jtl,fail
12-03-2018,12:04:31,TID_110_sevirity levels.jtl,pass
12-03-2018,12:04:31,TID_114_not exist ids.jtl,pass
12-03-2018,12:04:31,TID_30_Define_the_pipelineName.jtl,pass
12-03-2018,14:17:56,TID_170_1_10 percent overhead batch.jtl,pass
12-03-2018,14:17:56,TID_11_1_Define_the_Pipe_Line order.jtl,pass
12-03-2018,14:17:56,TID_113_status manager.jtl,pass
12-03-2018,14:17:56,TID_120_system logs.jtl,pass
12-03-2018,14:17:56,TID_170_10 percent overhead.jtl,pass
12-03-2018,14:17:56,TID_80_pipelines run in an order.jtl,pass
12-03-2018,14:17:56,TID_51_run pipelines in a queue.jtl,pass
12-03-2018,14:17:56,TID_10_2_Define_the_Pipe_Line_input.jtl,pass
12-03-2018,14:17:56,TID_50_cancel pipeline.jtl,pass
12-03-2018,14:17:56,TID_10_1_Define_the_Pipe_Line_input.jtl,pass
12-03-2018,14:17:56,TID_70_status Manager.jtl,pass
12-03-2018,14:17:56,TID_110_sevirity levels.jtl,pass
12-03-2018,14:17:56,TID_114_not exist ids.jtl,pass
12-03-2018,14:17:56,TID_30_Define_the_pipelineName.jtl,pass
12-03-2018,15:03:40,TID_161_4_apak 1000 batch and fail pods jaeger.jtl,pass
12-03-2018,15:03:40,TID_161_5_apak 1000 batch and fail pods redis sentinal.jtl,pass
12-03-2018,15:03:40,TID_161_2_apak 1000 batch and fail pods pipeline.jtl,pass
12-03-2018,15:03:40,TID_161_1_apak batch and fail worker pods.jtl,pass
12-03-2018,15:03:40,TID_161_8_apak 1000 batch and fail pods webhook.jtl,pass
12-03-2018,15:03:40,TID_161_6_apak 1000 batch and fail pods redis server.jtl,pass
12-03-2018,15:03:40,TID_161_7_apak 1000 batch and fail pods http backend.jtl,fail
12-03-2018,15:03:40,TID_161_10_apak 1000 batch and fail pods monitor server.jtl,pass
12-03-2018,15:03:40,TID_161_9_apak 1000 batch and fail pods simulator.jtl,pass
12-03-2018,15:03:40,TID_161_3_apak 1000 batch and fail pods etcd.jtl,pass
