timeStamp,elapsed,label,responseCode,responseMessage,threadName,dataType,success,failureMessage,bytes,sentBytes,grpThreads,allThreads,Latency,SampleCount,ErrorCount,IdleTime,Connect
1519113556118,579,create workflow add mult,201,Created,create workflow 1-1,text,true,,515,983,1,1,578,1,0,0,454
1519113557038,430,execute addmult,200,OK,run stored add mult 2-1,text,true,,573,420,1,1,430,1,0,0,318
1519113562735,396,get progress REST addmult:0bf8b608-ff2a-47cf-81fc-1537dc2bef59,200,OK,run stored add mult 2-1,text,true,,2454,255,1,1,387,1,0,0,313
1519113563167,84,Get results REST addmult:0bf8b608-ff2a-47cf-81fc-1537dc2bef59,200,OK,run stored add mult 2-1,text,true,,2709,256,1,1,76,1,0,0,0
1519113563253,12,assert expected/actual,200,OK,run stored add mult 2-1,text,true,,1773,0,1,1,0,1,0,0,0
1519113563275,402,delete workflow addmult,200,OK,delete workflow 3-1,text,true,,510,244,1,1,402,1,0,0,318
1519113565192,615,create workflow mult add,201,Created,create workflow 1-1,text,true,,2840,989,1,1,607,1,0,0,482
1519113566145,433,execute eval multadd,200,OK,run stored mult add 2-1,text,true,,2328,420,1,1,432,1,0,0,322
1519113571848,241,get progress REST multadd:09bef4be-2310-4f71-8a8f-2769259200ef,200,OK,run stored mult add 2-1,text,true,,4132,255,1,1,239,1,0,0,142
1519113572133,89,Get results REST multadd:09bef4be-2310-4f71-8a8f-2769259200ef,200,OK,run stored mult add 2-1,text,true,,4409,256,1,1,81,1,0,0,0
1519113572225,13,assert expected/actual,200,OK,run stored mult add 2-1,text,true,,3849,0,1,1,0,1,0,0,0
1519113572250,403,delete workflow multadd,200,OK,delete workflow 3-1,text,true,,2091,244,1,1,402,1,0,0,318
1524395869179,714,create workflow add mult,201,Created,create workflow 1-1,text,true,,515,1142,1,1,714,1,0,0,590
1524395870203,524,execute addmult,200,OK,run stored add mult 2-1,text,true,,573,420,1,1,524,1,0,0,362
1524395870765,450,delete workflow addmult,200,OK,delete workflow 3-1,text,true,,510,244,1,1,450,1,0,0,352
1524396212721,731,create workflow add mult,201,Created,create workflow 1-1,text,true,,515,1142,1,1,731,1,0,0,609
1524396213765,546,execute addmult,200,OK,run stored add mult 2-1,text,true,,573,420,1,1,545,1,0,0,360
1524396214348,457,delete workflow addmult,200,OK,delete workflow 3-1,text,true,,510,244,1,1,457,1,0,0,352
1524396340104,887,create workflow add mult,201,Created,create workflow 1-1,text,true,,515,1142,1,1,887,1,0,0,570
1524396341300,608,execute addmult,200,OK,run stored add mult 2-1,text,true,,573,420,1,1,608,1,0,0,373
1524396341945,454,delete workflow addmult,200,OK,delete workflow 3-1,text,true,,510,244,1,1,454,1,0,0,357
1524396392017,722,create workflow add mult,201,Created,create workflow 1-1,text,true,,515,1142,1,1,722,1,0,0,604
1524396393062,509,execute addmult,200,OK,run stored add mult 2-1,text,true,,573,420,1,1,509,1,0,0,359
1524396393613,456,delete workflow addmult,200,OK,delete workflow 3-1,text,true,,510,244,1,1,456,1,0,0,365
1524396416239,719,create workflow add mult,201,Created,create workflow 1-1,text,true,,515,1142,1,1,719,1,0,0,611
1524396417265,492,execute addmult,200,OK,run stored add mult 2-1,text,true,,573,420,1,1,492,1,0,0,356
1524396417795,453,delete workflow addmult,200,OK,delete workflow 3-1,text,true,,510,244,1,1,453,1,0,0,362
1524396560179,756,create workflow add mult,201,Created,create workflow 1-1,text,true,,515,1142,1,1,755,1,0,0,598
1524396561255,667,execute addmult,200,OK,run stored add mult 2-1,text,true,,573,420,1,1,667,1,0,0,455
1524396561957,451,delete workflow addmult,200,OK,delete workflow 3-1,text,true,,510,244,1,1,451,1,0,0,361
1524396762744,889,create workflow add mult,201,Created,create workflow 1-1,text,true,,515,1142,1,1,889,1,0,0,583
1524396763938,515,execute addmult,200,OK,run stored add mult 2-1,text,true,,573,420,1,1,515,1,0,0,359
1524396764484,444,delete workflow addmult,200,OK,delete workflow 3-1,text,true,,510,244,1,1,444,1,0,0,353
1524396857969,795,create workflow add mult,201,Created,create workflow 1-1,text,true,,515,1142,1,1,795,1,0,0,689
1524396859110,525,execute addmult,200,OK,run stored add mult 2-1,text,true,,573,420,1,1,525,1,0,0,358
1524396865032,444,get progress REST addmult:93943074-a9e7-4655-a232-faeee5feb5a9,200,OK,run stored add mult 2-1,text,true,,2656,255,1,1,441,1,0,0,357
1524396865497,103,Get results REST addmult:93943074-a9e7-4655-a232-faeee5feb5a9,200,OK,run stored add mult 2-1,text,true,,3060,256,1,1,100,1,0,0,0
1524396865601,7,assert expected/actual,Non HTTP response code: java.io.FileNotFoundException,Non HTTP response message: /home/eitang/WorkStuff/TestManager/system-tests/expectedFiles/TID-10_1expected.json (No such file or directory),run stored add mult 2-1,text,false,both string was not equal,3916,0,1,1,0,1,1,0,0
1524396865623,449,delete workflow addmult,200,OK,delete workflow 3-1,text,true,,510,244,1,1,449,1,0,0,358
1524405284269,638,create workflow add mult,201,Created,create workflow 1-1,text,true,,515,1142,1,1,637,1,0,0,507
1524405285267,548,execute addmult,200,OK,run stored add mult 2-1,text,true,,573,420,1,1,548,1,0,0,370
1524405291091,454,get progress REST addmult:27325a20-3cba-4411-9ec1-c7255f5d0806,200,OK,run stored add mult 2-1,text,true,,2634,255,1,1,445,1,0,0,361
1524405291587,125,Get results REST addmult:27325a20-3cba-4411-9ec1-c7255f5d0806,200,OK,run stored add mult 2-1,text,true,,3038,256,1,1,116,1,0,0,0
1524405291715,14,assert expected/actual,200,OK,run stored add mult 2-1,text,true,,2212,0,1,1,0,1,0,0,0
1524405291740,468,delete workflow addmult,200,OK,delete workflow 3-1,text,true,,510,244,1,1,468,1,0,0,368
